id,scientific_name,GBIF_ID,rank
abelmoschusesculentus,Abelmoschus esculentus,3152707,SPECIES
abildgaardiawallichianalye,Abildgaardia wallichiana Lye,,
abrusprecatorius,Abrus precatorius,10594944,SPECIES
abutilonglaucum,Abutilon glaucum,3938698,
acaciasenegal,Acacia senegal,164011701,
acaciaseyal,Acacia seyal,147315125,
acaciatortilis,Acacia tortilis,8731919,SPECIES
acanthacrisruficorniscitrina,Acanthacris ruficornis citrina,6255369,SUBSPECIES
acanthodactylusboskianus,Acanthodactylus boskianus,5226727,SPECIES
acanthospermumhispidum,Acanthospermum hispidum,3100375,SPECIES
accipiterbadius,Accipiter badius,2480610,SPECIES
achyranthesasperasicula,Achyranthes aspera sicula,103392948,
acinonyxjubatus,Acinonyx jubatus,2435270,SPECIES
acomysjohannis,Acomys johannis,4264828,SPECIES
acoryphaclara,Acorypha clara,1713834,SPECIES
acoryphaglaucopsis,Acorypha glaucopsis,1713853,SPECIES
acridocarpusmonodii,Acridocarpus monodii,3986305,SPECIES
acrotylusblondeli,Acrotylus blondeli,5099063,SPECIES
acrotylussp1wa,Acrotylus sp. 1WA,104903601,
actia,Actia,1463605,GENUS
actiniopterisradiata,Actiniopteris radiata,4205838,SPECIES
actophilornisafricanus,Actophilornis africanus,2481853,SPECIES
adansoniadigitata,Adansonia digitata,5406695,SPECIES
aeschynomeneindica,Aeschynomene indica,2949250,
aframomummelegueta,Aframomum melegueta,2758930,SPECIES
afrotrilepispilosa,Afrotrilepis pilosa,2730093,SPECIES
agamaboueti,Agama boueti,5226234,SPECIES
agamasankaranica,Agama sankaranica,5226249,SPECIES
agriusconvolvuli,Agrius convolvuli,1861644,SPECIES
aiolopussimulatrixsimulatrix,Aiolopus simulatrix simulatrix,6255629,SUBSPECIES
albiziachevalieri,Albizia chevalieri,2941365,
alestesbaremoze,Alestes baremoze,2356096,SPECIES
alestesdentex,Alestes dentex,2356077,SPECIES
alliumcepa,Allium cepa,2857697,SPECIES
alliumsativum,Allium sativum,2856681,SPECIES
allogymnopleurusaeneus,Allogymnopleurus aeneus,1093960,SPECIES
aloetenuifolia,Aloe tenuifolia,9410190,
alopochenaegyptiaca,Alopochen aegyptiaca,2498252,SPECIES
alternantheraachyranthes,Alternanthera achyranthes,3084949,
alysicarpusovalifolius,Alysicarpus ovalifolius,8230720,SPECIES
amadinafasciata,Amadina fasciata,2493707,SPECIES
amaranthusdubius,Amaranthus dubius,8279930,
amaranthusgraecizans,Amaranthus graecizans,5384373,
amaranthusspinosus,Amaranthus spinosus,5384401,SPECIES
amaranthusviridis,Amaranthus viridis,5384334,SPECIES
amietophrynuschanningi,Amietophrynus channingi,7358341,
amietophrynusxeros,Amietophrynus xeros,2422976,SPECIES
ammanniaauriculata,Ammannia auriculata,3188714,
ammodaucusleucotrichus,Ammodaucus leucotrichus,6026529,SPECIES
amorphophallusaphyllus,Amorphophallus aphyllus,2871689,SPECIES
amorphophallusbaumannii,Amorphophallus baumannii,2871404,SPECIES
ampelocissusafricana,Ampelocissus africana,7293841,SPECIES
anacardiumoccidentale,Anacardium occidentale,5421368,SPECIES
anacridiummelanorhodon,Anacridium melanorhodon,1702139,SPECIES
anasclypeata,Anas clypeata,2498089,SPECIES
andirainermis,Andira inermis,2952214,
androctonusamoreuxi,Androctonus amoreuxi,6894174,SPECIES
andropogonfastigiatus,Andropogon fastigiatus,4149337,
andropogongayanus,Andropogon gayanus,2706112,SPECIES
andropogongayanusbisquamulatus,Andropogon gayanus bisquamulatus,4932044,VARIETY
annonasenegalensis,Annona senegalensis,5407251,SPECIES
annonasquamosa,Annona squamosa,5407099,SPECIES
anogeissusleiocarpa,Anogeissus leiocarpa,3699245,
anoplocnemiscurvipes,Anoplocnemis curvipes,4388917,SPECIES
antidesmavenosum,Antidesma venosum,3076520,
apateterebrans,Apate terebrans,6005825,SPECIES
apismellifera,Apis mellifera,1341976,SPECIES
apusaffinis,Apus affinis,5228662,SPECIES
aquilarapax,Aquila rapax,2480514,SPECIES
arachishypogaea,Arachis hypogaea,5353770,SPECIES
archispirostreptus,Archispirostreptus,1025390,GENUS
ardeotisarabs,Ardeotis arabs,2474904,SPECIES
aristidaadscensionis,Aristida adscensionis,2706277,
aristidafuniculata,Aristida funiculata,4127452,SPECIES
aristidamutabilisnigritiana,Aristida mutabilis nigritiana,5946659,
aristidasieberiana,Aristida sieberiana,4123040,
aristidastipoides,Aristida stipoides,4122740,SPECIES
aristolochiaalbida,Aristolochia albida,3589280,SPECIES
arivelaviscosa,Arivela viscosa,6370562,SPECIES
arvicanthisniloticus,Arvicanthis niloticus,9733997,
ascaricidarichardii,Ascaricida richardii,6064939,
aselliatridens,Asellia tridens,2432602,SPECIES
asparagusflagellaris,Asparagus flagellaris,2768456,SPECIES
astraealobata,Astraea lobata,5380859,SPECIES
atelerixalbiventris,Atelerix albiventris,2437140,SPECIES
atilaxpaludinosus,Atilax paludinosus,2434188,SPECIES
atractaspiswatsoni,Atractaspis watsoni,2472572,SPECIES
atractomorphaacutipennis,Atractomorpha acutipennis,5101021,SPECIES
azadirachtaindica,Azadirachta indica,3190474,SPECIES
bagrusbajad,Bagrus bajad,5201746,SPECIES
baisseamultiflora,Baissea multiflora,3615895,SPECIES
balanitesaegyptiacus,Balanites aegyptiacus,,
balearicapavonina,Balearica pavonina,5228232,SPECIES
bamanophisdorri,Bamanophis dorri,7503019,SPECIES
bauhiniareticulata,Bauhinia reticulata,2953136,SPECIES
bauhiniarufescens,Bauhinia rufescens,2953710,SPECIES
bergiasuffruticosa,Bergia suffruticosa,5646125,SPECIES
bidensbiternata,Bidens biternata,5392065,SPECIES
bitisarietans,Bitis arietans,8901465,SPECIES
blainvilleagayana,Blainvillea gayana,8264433,
blepharislinariifolia,Blepharis linariifolia,5575474,SPECIES
blepharismaderaspatensis,Blepharis maderaspatensis,5575447,SPECIES
blumeaaxillaris,Blumea axillaris,5395843,SPECIES
blumeabojeri,Blumea bojeri,3086704,
boerhaviacoccinea,Boerhavia coccinea,3086287,SPECIES
boerhaviadiffusa,Boerhavia diffusa,3086282,
boerhaviarepens,Boerhavia repens,3086288,SPECIES
bolboschoenusmaritimus,Bolboschoenus maritimus,2718307,SPECIES
bombaxcostatum,Bombax costatum,4073451,SPECIES
borassusaethiopum,Borassus aethiopum,2733925,SPECIES
bosciaangustifolia,Boscia angustifolia,5602553,
bosciasalicifolia,Boscia salicifolia,5602398,SPECIES
bosciasenegalensis,Boscia senegalensis,5377842,
bostaurusprimigenius,Bos taurus primigenius,4262590,SUBSPECIES
brachiaria,Brachiaria,2704067,GENUS
brachiarialata,Brachiaria lata,4132963,SPECIES
brachiariavillosa,Brachiaria villosa,4131711,SPECIES
brachiariaxantholeuca,Brachiaria xantholeuca,4131647,SPECIES
brycinus,Brycinus,2356281,GENUS
brycinusleuciscus,Brycinus leuciscus,2356306,SPECIES
brycinusnurse,Brycinus nurse,2356317,SPECIES
bubalornisalbirostris,Bubalornis albirostris,2494074,SPECIES
buboascalaphus,Bubo ascalaphus,5959134,SPECIES
bubocinerascens,Bubo cinerascens,5959117,SPECIES
bubolacteus,Bubo lacteus,5959139,SPECIES
bubulcusibis,Bubulcus ibis,2480830,SPECIES
bucorvusabyssinicus,Bucorvus abyssinicus,2476042,SPECIES
bulbostylishispidula,Bulbostylis hispidula,5292456,SPECIES
buphagusafricanus,Buphagus africanus,2489053,SPECIES
burhinuscapensis,Burhinus capensis,2482097,SPECIES
burhinussenegalensis,Burhinus senegalensis,2482099,SPECIES
buteoauguralis,Buteo auguralis,2480568,SPECIES
cadabafarinosa,Cadaba farinosa,3054234,SPECIES
cadabaglandulosa,Cadaba glandulosa,3872613,SPECIES
calandrellabrachydactyla,Calandrella brachydactyla,2490681,SPECIES
callosobruchusmaculatus,Callosobruchus maculatus,1047343,SPECIES
calotropisprocera,Calotropis procera,5414566,SPECIES
camponotusmaculatus,Camponotus maculatus,1313646,SPECIES
camponotussericeus,Camponotus sericeus,5034753,SPECIES
canavaliaafricana,Canavalia africana,2962182,SPECIES
canavalia,Canavalia,8285917,GENUS
canavaliaensiformis,Canavalia ensiformis,7799711,SPECIES
canisadustusadustus,Canis adustus adustus,7193870,SUBSPECIES
canisaureus,Canis aureus,5219219,SPECIES
canislupusfamiliaris,Canis lupus familiaris,6164210,SUBSPECIES
capparissepiaria,Capparis sepiaria,7273413,SPECIES
capparistomentosa,Capparis tomentosa,5602023,SPECIES
caprimulguseximius,Caprimulgus eximius,2496949,SPECIES
caprimulgustristigma,Caprimulgus tristigma,2496926,SPECIES
capsicum,Capsicum,2932937,GENUS
capsicumfrutescens,Capsicum frutescens,8403992,SPECIES
caracalcaracal,Caracal caracal,2435010,SPECIES
carallumaacutangula,Caralluma acutangula,3578737,
carallumaadscendens,Caralluma adscendens,8081628,SPECIES
cardiospermumhalicacabum,Cardiospermum halicacabum,3189939,SPECIES
caricapapaya,Carica papaya,2874484,SPECIES
cassiasieberiana,Cassia sieberiana,5357182,SPECIES
cataglyphis,Cataglyphis,1319559,GENUS
cataloipuscymbiferus,Cataloipus cymbiferus,1701280,SPECIES
catantopsstramineus,Catantops stramineus,1710673,SPECIES
ceibapentandra,Ceiba pentandra,5406697,
celosiaargentea,Celosia argentea,3085191,SPECIES
celosiatrigyna,Celosia trigyna,3085198,SPECIES
celtistoka,Celtis toka,4160100,SPECIES
cenchrusbiflorus,Cenchrus biflorus,5289734,
cenchrusprieurii,Cenchrus prieurii,4933038,SPECIES
centaureaperrottetii,Centaurea perrottetii,4249996,
centropussenegalensis,Centropus senegalensis,5231999,SPECIES
cerastesvipera,Cerastes vipera,5221013,SPECIES
ceratothecasesamoides,Ceratotheca sesamoides,5415089,
cercotrichasgalactotes,Cercotrichas galactotes,2492478,
cercotrichaspodobe,Cercotrichas podobe,2492476,SPECIES
chalcidesocellatus,Chalcides ocellatus,5225137,SPECIES
chamaecristaabsus,Chamaecrista absus,2949868,SPECIES
chamaecristamimosoides,Chamaecrista mimosoides,2949769,SPECIES
chamaecristanigricans,Chamaecrista nigricans,2950539,
chamaeleoafricanus,Chamaeleo africanus,2448980,SPECIES
chlorispilosa,Chloris pilosa,4142045,SPECIES
chlorophytumgallabatense,Chlorophytum gallabatense,2774366,SPECIES
chrotogonussenegalensis,Chrotogonus senegalensis,1727587,SPECIES
chrozophorabrocchiana,Chrozophora brocchiana,3054436,SPECIES
chrysopogonnigritanus,Chrysopogon nigritanus,5677535,SPECIES
ciconiaabdimii,Ciconia abdimii,2481915,SPECIES
ciconiaciconia,Ciconia ciconia,2481912,SPECIES
cienfuegosiadigitata,Cienfuegosia digitata,3938079,SPECIES
cissuspopulnea,Cissus populnea,4053587,SPECIES
cissusquadrangularis,Cissus quadrangularis,7130673,SPECIES
citharinuslatus,Citharinus latus,2355311,SPECIES
citrulluscolocynthis,Citrullus colocynthis,2874622,SPECIES
citrulluslanatus,Citrullus lanatus,2874621,
citruslimon,Citrus limon,3190171,
citrusmaxima,Citrus maxima,3190160,
citrussinensis,Citrus sinensis,3190176,
civettictiscivetta,Civettictis civetta,2434634,SPECIES
clamatorlevaillantii,Clamator levaillantii,2496465,SPECIES
cleomesp,Cleome sp.,8126566,SPECIES
cocciniagrandis,Coccinia grandis,2874564,SPECIES
cochlospermumplanchonii,Cochlospermum planchonii,7409011,SPECIES
colacordifolia,Cola cordifolia,7997102,SPECIES
colalaurifolia,Cola laurifolia,8123672,SPECIES
columbaguinea,Columba guinea,5231817,SPECIES
columbalivia,Columba livia,2495414,SPECIES
combretumaculeatum,Combretum aculeatum,3698905,SPECIES
combretumadenogonium,Combretum adenogonium,3698812,
combretumcollinumhypopilinum,Combretum collinum hypopilinum,7558056,SUBSPECIES
combretumglutinosum,Combretum glutinosum,3698250,SPECIES
combretummicranthum,Combretum micranthum,3698309,SPECIES
combretumnioroense,Combretum nioroense,3699787,
combretumpaniculatum,Combretum paniculatum,7166895,SPECIES
commelinabenghalensisbenghalensis,Commelina benghalensis benghalensis,,
commelinaforskalaei,Commelina forskalaei,3697010,SPECIES
commelinalivingstonii,Commelina Livingstonii,8268360,
commiphoraafricana,Commiphora africana,7286896,
commiphorapedunculata,Commiphora pedunculata,3993856,SPECIES
coniestaignefusalis,Coniesta ignefusalis,1889701,SPECIES
conocephalusconocephalus,Conocephalus conocephalus,1683285,SPECIES
coraciasabyssinicus,Coracias abyssinicus,2475373,SPECIES
corchorus,Corchorus,3032212,GENUS
corchorusolitorius,Corchorus olitorius,3152084,SPECIES
corchorustridens,Corchorus tridens,3152090,
cordiamyxa,Cordia myxa,10031650,SPECIES
cordiasinensis,Cordia sinensis,5660676,SPECIES
corvusalbus,Corvus albus,2482519,SPECIES
corvusruficollis,Corvus ruficollis,2482479,SPECIES
crataevaadansoniisubspodora,Crataeva adansonii subsp. odora,,
creoleonafricanus,Creoleon africanus,2098554,SPECIES
cricetomysgambianus,Cricetomys gambianus,2438550,SPECIES
criniferpiscator,Crinifer piscator,2475211,SPECIES
crinumornatum,Crinum ornatum,2853725,SPECIES
crociduracinderella,Crocidura cinderella,2435755,SPECIES
crocodylusniloticus,Crocodylus niloticus,2441341,SPECIES
crocutacrocuta,Crocuta crocuta,5218781,SPECIES
crossotusalbicollis,Crossotus albicollis,1153530,SPECIES
crotalariaatrorubens,Crotalaria atrorubens,2942344,
crotalariacomosa,Crotalaria comosa,2942227,SPECIES
crotalariacuspidata,Crotalaria cuspidata,2942595,SPECIES
crotalariacylindrocarpa,Crotalaria cylindrocarpa,2941760,SPECIES
crotalariapodocarpa,Crotalaria podocarpa,2942954,SPECIES
crotalariaretusa,Crotalaria retusa,2942610,SPECIES
cryptocatantopshaemorrhoidalis,Cryptocatantops haemorrhoidalis,1707609,SPECIES
ctenolepiscerasiformis,Ctenolepis cerasiformis,3623378,
cucumismelosubspagrestisvaragrestisnaudin,Cucumis melo subsp. agrestis var. agrestis Naudin,6422790,
cucumisprophetarumprophetarum,Cucumis prophetarum prophetarum,7344962,SUBSPECIES
cucumispustulatus,Cucumis pustulatus,4939974,SPECIES
cucurbita,Cucurbita,7853991,GENUS
cursoriustemminckii,Cursorius temminckii,2480745,SPECIES
cyaneolyttachopardi,Cyaneolytta chopardi,4740211,
cyanotislanata,Cyanotis lanata,5303394,SPECIES
cybister,Cybister,1038678,GENUS
cymbopogoncaesiusgiganteus,Cymbopogon caesius giganteus,4151098,
cymbopogonschoenanthus,Cymbopogon schoenanthus,2705269,SPECIES
cynanchumhastifolium,Cynanchum hastifolium,7312422,
cynanchumviminale,Cynanchum viminale,7504382,SPECIES
cynodondactylon,Cynodon dactylon,6109637,SPECIES
cyperusamabilis,Cyperus amabilis,2716444,SPECIES
cyperusarticulatus,Cyperus articulatus,2713638,
cyperusesculentus,Cyperus esculentus,2716226,
cyperusiria,Cyperus iria,2715729,SPECIES
cyperusmaculatus,Cyperus maculatus,2715867,SPECIES
cyperusrotundus,Cyperus rotundus,2714818,SPECIES
cyperusspp,Cyperus spp.,2713455,
cyperussquarrosus,Cyperus squarrosus,2714313,
cyphostemmacymosumdesc,Cyphostemma cymosum Desc.,7293702,
cypsiurusparvus,Cypsiurus parvus,2477093,SPECIES
dactylocteniumaegyptium,Dactyloctenium aegyptium,2706188,SPECIES
dalbergiamelanoxylon,Dalbergia melanoxylon,2968897,SPECIES
dalechampiaparvifolia,Dalechampia parvifolia,3055649,
damaliscuskorrigum,Damaliscus korrigum,7261430,SPECIES
danielliaoliveri,Daniellia oliveri,2948733,SPECIES
daucuscarota,Daucus carota,3034742,
deltaemarginatum,Delta emarginatum,5036655,SPECIES
dendrocygnabicolor,Dendrocygna bicolor,2498402,SPECIES
dendrocygnaviduata,Dendrocygna viduata,2498396,SPECIES
dendropicosgoertae,Dendropicos goertae,2478424,SPECIES
desmodiumhirtum,Desmodium hirtum,2967795,SPECIES
detariummicrocarpum,Detarium microcarpum,2961176,SPECIES
detariumsenegalense,Detarium senegalense,2961177,SPECIES
diabolocatantopsaxillaris,Diabolocatantops axillaris,1713577,SPECIES
dichrostachyscinerea,Dichrostachys cinerea,2975891,SPECIES
dicomatomentosa,Dicoma tomentosa,3103375,
digitariaciliarisvarciliaris,Digitaria ciliaris var. ciliaris,5289998,
digitaria,Digitaria,2704525,GENUS
digitariaexilis,Digitaria exilis,5289953,SPECIES
diheteropogonhagerupii,Diheteropogon hagerupii,4125105,SPECIES
dinothrombiumtinctorium,Dinothrombium tinctorium,,
dioscoreaalata,Dioscorea alata,2754476,SPECIES
diospyrosmespiliformis,Diospyros mespiliformis,4071204,
dipcadiviride,Dipcadi viride,2768199,SPECIES
duroniachloronota,Duronia chloronota,1702272,SPECIES
echinochloacolona,Echinochloa colona,2702812,SPECIES
echinochloa,Echinochloa,2702794,GENUS
echinochloapyramidalis,Echinochloa pyramidalis,2702805,SPECIES
echinochloastagnina,Echinochloa stagnina,2702806,SPECIES
echinopspappii,Echinops pappii,5392909,SPECIES
echisleucogaster,Echis leucogaster,2443885,SPECIES
echisocellatus,Echis ocellatus,2443880,SPECIES
ecliptaprostrata,Eclipta prostrata,5384950,SPECIES
eidolonhelvum,Eidolon helvum,2432851,SPECIES
elaeisguineensis,Elaeis guineensis,2731882,
eleocharisacutangula,Eleocharis acutangula,2716800,SPECIES
eleusineindica,Eleusine indica,2705953,
elionuruselegans,Elionurus elegans,4114815,SPECIES
emberizaflaviventris,Emberiza flaviventris,2491478,SPECIES
emberizastriolatasahari,Emberiza striolata sahari,8862378,
emberizatahapisi,Emberiza tahapisi,2491491,SPECIES
empusaguttula,Empusa guttula,5048827,SPECIES
endostemontereticaulis,Endostemon tereticaulis,3899585,SPECIES
entadaafricana,Entada africana,2976222,SPECIES
enteropogonprieurii,Enteropogon prieurii,5290205,SPECIES
equusquagga,Equus quagga,2440892,SPECIES
eragrostisciliaris,Eragrostis ciliaris,2705373,
eragrostis,Eragrostis,2705322,
eragrostisgangetica,Eragrostis gangetica,2705384,
eragrostispilosa,Eragrostis pilosa,2705400,SPECIES
eragrostistremula,Eragrostis tremula,4139754,SPECIES
eremiaphilareticulata,Eremiaphila reticulata,1404109,SPECIES
eremomelapusilla,Eremomela pusilla,2492972,SPECIES
eremopterixleucotis,Eremopterix leucotis,2490692,SPECIES
eremopterixnigriceps,Eremopterix nigriceps,2490694,SPECIES
erythrinasenegalensis,Erythrina senegalensis,5349683,
erythrocebuspatas,Erythrocebus patas,2436548,SPECIES
eucalyptusastringens,Eucalyptus astringens,3176973,SPECIES
euphorbiaaustrooccidentalis,Euphorbia austro-occidentalis,3916935,SPECIES
euphorbiabalsamifera,Euphorbia balsamifera,3069871,SPECIES
euphorbiachapmanii,Euphorbia chapmanii,3067421,SPECIES
euphorbiahirta,Euphorbia hirta,3068937,SPECIES
euphorbiasudanica,Euphorbia sudanica,3068468,SPECIES
euplectesfranciscanus,Euplectes franciscanus,2494086,SPECIES
euplocastrigosa,Euploca strigosa,4062306,SPECIES
eupodotissenegalensis,Eupodotis senegalensis,2474890,SPECIES
eurysternacrisbrevipes,Eurysternacris brevipes,1704398,SPECIES
evolvulusalsinoides,Evolvulus alsinoides,2928673,
faidherbiaalbida,Faidherbia albida,5360150,SPECIES
falcoalopex,Falco alopex,2481002,SPECIES
falcoardosiaceus,Falco ardosiaceus,2481031,SPECIES
falcobiarmicus,Falco biarmicus,8014966,SPECIES
falcochicquera,Falco chicquera,2481019,SPECIES
falcoperegrinus,Falco peregrinus,2481047,SPECIES
falcotinnunculus,Falco tinnunculus,9616058,SPECIES
farsetiastenoptera,Farsetia stenoptera,3047999,SPECIES
farsetiastylosa,Farsetia stylosa,3047985,SPECIES
feliscatus,Felis catus,2435035,SPECIES
felismargarita,Felis margarita,2435028,SPECIES
felissylvestrisschreber1775,"Felis sylvestris Schreber, 1775",7964291,
feretiaapodanthera,Feretia apodanthera,2899651,SPECIES
ficusabutilifolia,Ficus abutilifolia,5570182,SPECIES
ficuscordatasubsplecardiiccberg,Ficus cordata subsp. lecardii C.C. Berg,5570078,
ficusdicranostyla,Ficus dicranostyla,5572427,SPECIES
ficusglumosa,Ficus glumosa,5571065,SPECIES
ficusingensvaringens,Ficus ingens var. ingens,7567112,
ficusplatyphylla,Ficus platyphylla,5572533,SPECIES
ficussarmentosaluducca,Ficus sarmentosa luducca,5930651,VARIETY
ficussur,Ficus sur,5569827,SPECIES
ficussycomorus,Ficus sycomorus,5361921,SPECIES
ficusthonningii,Ficus thonningii,5361900,SPECIES
flueggeavirosavirosa,Flueggea virosa virosa,9660177,SUBSPECIES
forficulasenegalensis,Forficula senegalensis,4393072,SPECIES
francolinusbicalcaratus,Francolinus bicalcaratus,5227896,SPECIES
francolinus,Francolinus,5227810,GENUS
galagosenegalensis,Galago senegalensis,9198359,SPECIES
galeodesolivieri,Galeodes olivieri,5167325,SPECIES
galerellasanguinea,Galerella sanguinea,5219098,SPECIES
gardeniaerubescens,Gardenia erubescens,5335013,SPECIES
gardeniasokotensis,Gardenia sokotensis,5334953,SPECIES
gardeniaternifolia,Gardenia ternifolia,5334974,SPECIES
gastrimargusafricanus,Gastrimargus africanus,5099553,SPECIES
gazelladama,Gazella dama,4262713,
gazelladorcas,Gazella dorcas,5220149,SPECIES
genettagenetta,Genetta genetta,5219362,SPECIES
genettathierryi,Genetta thierryi,5219353,SPECIES
geochelonesulcata,Geochelone sulcata,2441533,
gerbillus,Gerbillus,2437782,GENUS
giraffacamelopardalis,Giraffa camelopardalis,2441205,SPECIES
gisekiapharnaceoides,Gisekia pharnaceoides,7265816,SPECIES
glaucidiumperlatum,Glaucidium perlatum,5232086,SPECIES
gloriosasuperba,Gloriosa superba,2740024,SPECIES
glossonemaboveanum,Glossonema boveanum,9287965,
gongylophismuelleri,Gongylophis muelleri,5225648,
gonimbrasia,Gonimbrasia,1866248,GENUS
gossypiumanomalum,Gossypium anomalum,8201164,SPECIES
gossypiumhirsutum,Gossypium hirsutum,3152661,SPECIES
grewiabicolor,Grewia bicolor,8042537,SPECIES
grewiaflavescensvarflavescens,Grewia flavescens var flavescens,4260042,
grewialasiodiscus,Grewia lasiodiscus,4259360,SPECIES
grewiatenaxforskfiori,Grewia tenax (Forsk.) Fiori,7311070,
grewiavillosa,Grewia villosa,4259732,
gryllusbimaculatus,Gryllus bimaculatus,1713034,
guierasenegalensis,Guiera senegalensis,3699789,SPECIES
gymnosporiasenegalensis,Gymnosporia senegalensis,3793847,SPECIES
gynandropsisgynandra,Gynandropsis gynandra,3054227,
gypsafricanus,Gyps africanus,9487001,SPECIES
gypsrueppellii,Gyps rueppellii,2480384,SPECIES
gyrocarpusamericanussubsppinnatilobuskubitzki,Gyrocarpus americanus subsp. pinnatilobus,7853171,SUBSPECIES
halcyonsenegalensis,Halcyon senegalensis,5228340,SPECIES
harpezocatantopsstylifer,Harpezocatantops stylifer,1700503,SPECIES
heeriainsignis,Heeria insignis,5544486,
heliocheilusalbipunctella,Heliocheilus albipunctella,1764656,
heliosciurusgambianus,Heliosciurus gambianus,2437541,SPECIES
herpestesichneumon,Herpestes ichneumon,2434255,SPECIES
heteracrisannulosa,Heteracris annulosa,1701527,SPECIES
heteracrisleani,Heteracris leani,1701567,SPECIES
heterantheracallifolia,Heteranthera callifolia,2766109,SPECIES
hexalobusmonopetalus,Hexalobus monopetalus,3155101,SPECIES
hibiscuscannabinus,Hibiscus cannabinus,3152547,SPECIES
hibiscuslongisepalus,Hibiscus longisepalus,3935816,SPECIES
hibiscusovalifolius,Hibiscus ovalifolius,3935028,
hibiscussabdariffa,Hibiscus sabdariffa,3152582,SPECIES
hieroglyphusdaganensis,Hieroglyphus daganensis,1703205,SPECIES
hildebrandtiaornata,Hildebrandtia ornata,5218012,SPECIES
himantopushimantopus,Himantopus himantopus,5229126,SPECIES
hippopotamusamphibius,Hippopotamus amphibius,2441247,SPECIES
hippotragusequinuskoba,Hippotragus equinus koba,4262743,SUBSPECIES
homoxyrrhepespunctipennis,Homoxyrrhepes punctipennis,1711804,SPECIES
hoplobatrachusoccipitalis,Hoplobatrachus occipitalis,2430378,SPECIES
humbetenuicornis,Humbe tenuicornis,1704235,SPECIES
hyaenahyaena,Hyaena hyaena,5218777,SPECIES
hyalommaimpeltatum,Hyalomma impeltatum,2182989,
hycleusaffinis,Hycleus affinis,6955734,
hydrocynusforskahlii,Hydrocynus forskahlii,2356166,SPECIES
hygrophilaauriculata,Hygrophila auriculata,9155704,SPECIES
hylaranagalamensis,Hylarana galamensis,2426873,SPECIES
hyphaenethebaica,Hyphaene thebaica,7931200,SPECIES
hypoderma,Hypoderma,1587282,GENUS
hyptisspicigera,Hyptis spicigera,7664995,
hyptissuaveolens,Hyptis suaveolens,3889017,
hystrixcristata,Hystrix cristata,5219888,SPECIES
ichneumiaalbicauda,Ichneumia albicauda,9468301,
ictonyxstriatus,Ictonyx striatus,2433840,SPECIES
indigoferaastragalina,Indigofera astragalina,2972077,SPECIES
indigoferacoeruleaoccidentalis,Indigofera coerulea occidentalis,2971773,VARIETY
indigoferahirsutavarhirsuta,Indigofera hirsuta var hirsuta,2972082,
indigoferaleprieurii,Indigofera leprieurii,2972143,SPECIES
indigoferaoblongifolia,Indigofera oblongifolia,2971726,SPECIES
indigoferaomissa,Indigofera omissa,2971574,SPECIES
indigoferastenophyllavarstenophylla,Indigofera stenophylla var. stenophylla,9069160,VARIETY
indigoferatinctoriatinctoria,Indigofera tinctoria tinctoria,4929518,SUBSPECIES
ipomoeaaquatica,Ipomoea aquatica,2928525,SPECIES
ipomoeaasarifolia,Ipomoea asarifolia,2928595,SPECIES
ipomoeabatatas,Ipomoea batatas,2928551,SPECIES
ipomoeacoptica,Ipomoea coptica,8117771,
ipomoeacoscinosperma,Ipomoea coscinosperma,3680903,SPECIES
ipomoeadichroa,Ipomoea dichroa,3680235,SPECIES
ipomoea,Ipomoea,2928509,GENUS
ipomoeaobscura,Ipomoea obscura,2928565,SPECIES
ipomoeapestigridis,Ipomoea pes-tigridis,2928524,SPECIES
ipomoeavagans,Ipomoea vagans,7857257,SPECIES
jacquemontiatamnifolia,Jacquemontia tamnifolia,5341725,SPECIES
jatrophacurcas,Jatropha curcas,3072953,SPECIES
jatrophagossypiifolia,Jatropha gossypiifolia,3072900,SPECIES
khayasenegalensis,Khaya senegalensis,3190508,SPECIES
kigeliaafricana,Kigelia africana,3172561,SPECIES
kleiniacliffordiana,Kleinia cliffordiana,5405694,SPECIES
kraussariaangulifera,Kraussaria angulifera,1706307,SPECIES
kraussellaamabile,Kraussella amabile,5098399,SPECIES
labeosenegalensis,Labeo senegalensis,5206149,SPECIES
lachlathetesfurfuraceus,Lachlathetes furfuraceus,2101014,SPECIES
lagenariasiceraria,Lagenaria siceraria,2874672,SPECIES
lagonostictasenegala,Lagonosticta senegala,2493680,SPECIES
lamprotorniscaudatus,Lamprotornis caudatus,2489076,SPECIES
lamprotornischalybaeus,Lamprotornis chalybaeus,2489071,SPECIES
lamprotornispulcher,Lamprotornis pulcher,2489087,SPECIES
lanelaternotodonta,Lanelater notodonta,4428974,SPECIES
laniusmeridionalis,Lanius meridionalis,7341500,SPECIES
lanneahumilis,Lannea humilis,3660948,SPECIES
lanneamicrocarpa,Lannea microcarpa,3660881,SPECIES
lantanacamara,Lantana camara,2925303,SPECIES
latastialongicaudata,Latastia longicaudata,5960643,SPECIES
latesniloticus,Lates niloticus,2393184,SPECIES
lawsoniainermis,Lawsonia inermis,5420912,SPECIES
leonotisnepetifoliaafricana,Leonotis nepetifolia africana,7741209,VARIETY
lepidagathisanobrya,Lepidagathis anobrya,3777231,SPECIES
lepisanthessenegalensis,Lepisanthes senegalensis,3784947,SPECIES
leptadeniahastata,Leptadenia hastata,3580243,
leptadeniapyrotechnica,Leptadenia pyrotechnica,3580180,SPECIES
leptailurusserval,Leptailurus serval,2435172,SPECIES
leptoptiloscrumeniferus,Leptoptilos crumeniferus,2481946,SPECIES
lepuscapensis,Lepus capensis,2436736,SPECIES
lethocerus,Lethocerus,2007579,GENUS
leucas,Leucas,2927112,
leucasmartinicensis,Leucas martinicensis,7775217,
limeumpterocarpumvarpterocarpum,Limeum pterocarpum var. pterocarpum,3783554,
lissotismelanogaster,Lissotis melanogaster,2474850,SPECIES
loeseneriellaafricana,Loeseneriella africana,7265604,
lonchocarpuslaxiflorus,Lonchocarpus laxiflorus,7737387,SPECIES
lonchuracantans,Lonchura cantans,7340335,
loudetiatogoensis,Loudetia togoensis,5675621,SPECIES
loxodontaafricana,Loxodonta africana,2435350,SPECIES
ludwigiaerecta,Ludwigia erecta,5420986,
ludwigiahyssopifolia,Ludwigia hyssopifolia,8924323,SPECIES
lybiusdubius,Lybius dubius,2479027,SPECIES
lybiusvieilloti,Lybius vieilloti,2479002,SPECIES
lycaonpictus,Lycaon pictus,5219317,SPECIES
lydomorphusdusaulti,Lydomorphus dusaulti,4571647,
macrodipteryxlongipennis,Macrodipteryx longipennis,2496824,SPECIES
macrosphyralongistyla,Macrosphyra longistyla,2904943,
macrotermessubhyalinus,Macrotermes subhyalinus,9675674,SPECIES
maeruaangolensis,Maerua angolensis,7273321,SPECIES
maeruacrassifolia,Maerua crassifolia,3871765,SPECIES
malapteruruselectricus,Malapterurus electricus,2342026,SPECIES
mangiferaindica,Mangifera indica,3190638,SPECIES
manihotesculenta,Manihot esculenta,3060998,SPECIES
marcuseniussenegalensis,Marcusenius senegalensis,4286661,SPECIES
marsileaminuta,Marsilea minuta,5274876,SPECIES
mastomyserythroleucus,Mastomys erythroleucus,2438912,SPECIES
mastomysnatalensis,Mastomys natalensis,2438911,SPECIES
mecistopscataphractus,Mecistops cataphractus,2441403,SPECIES
melieraxmetabates,Melierax metabates,2480733,SPECIES
mellivoracapensis,Mellivora capensis,2433695,SPECIES
meropsalbicollis,Merops albicollis,2475448,SPECIES
meropsorientalis,Merops orientalis,2475410,SPECIES
merremiaaegyptia,Merremia aegyptia,9350913,
merremiapinnata,Merremia pinnata,9271423,
messor,Messor,1316342,GENUS
micralesteselongatus,Micralestes elongatus,2356034,SPECIES
microcarboafricanus,Microcarbo africanus,6066519,SPECIES
micronisusgabar,Micronisus gabar,5788495,SPECIES
milvusmigrans,Milvus migrans,5229167,SPECIES
mirafracantillans,Mirafra cantillans,2490599,SPECIES
mirafrarufocinnamomea,Mirafra rufocinnamomea,2490596,SPECIES
mitracarpushirtus,Mitracarpus hirtus,2912993,SPECIES
mitragynainermis,Mitragyna inermis,2900458,
mollugonudicaulis,Mollugo nudicaulis,9476003,
momordicabalsamina,Momordica balsamina,2874582,
momordica,Momordica,2874578,GENUS
monechmandellense,Monechma ndellense,,
moringaoleifera,Moringa oleifera,3054181,SPECIES
mormyrusrume,Mormyrus rume,2402735,SPECIES
motacillaflava,Motacilla flava,9701857,SPECIES
mukiamaderaspatana,Mukia maderaspatana,8364646,
munduleasericea,Mundulea sericea,2933885,SPECIES
mungosmungo,Mungos mungo,5219080,SPECIES
musca,Musca,8097933,GENUS
myomysdaltoni,Myomys daltoni,4264878,
myrmecocichlaaethiops,Myrmecocichla aethiops,2492693,SPECIES
najahaje,Naja haje,2470411,SPECIES
najamelanoleuca,Naja melanoleuca,2470376,
naja,Naja,8965840,GENUS
najanigricollis,Naja nigricollis,7580657,
najaswelwitschii,Najas welwitschii,5329462,SPECIES
necrosyrtesmonachus,Necrosyrtes monachus,2480715,SPECIES
nectariniapulchella,Nectarinia pulchella,7340702,
nelsoniacanescens,Nelsonia canescens,5415356,
neocaryamacrophylla,Neocarya macrophylla,7684641,SPECIES
neophronpercnopterus,Neophron percnopterus,4966730,
neotisdenhami,Neotis denhami,2474874,SPECIES
neptuniaoleracea,Neptunia oleracea,5353533,SPECIES
nicotiana,Nicotiana,2928756,GENUS
nicotianarustica,Nicotiana rustica,,
nicotianatabacum,Nicotiana tabacum,2928774,SPECIES
nothosaervabrachiata,Nothosaerva brachiata,3675362,SPECIES
numidameleagris,Numida meleagris,2473341,SPECIES
nycteristhebaica,Nycteris thebaica,5218614,SPECIES
nymphaealotus,Nymphaea lotus,,
nymphaeamicrantha,Nymphaea micrantha,2882414,SPECIES
nymphaea,Nymphaea,2882411,GENUS
ocimumamericanum,Ocimum americanum,,
oedaleussenegalensis,Oedaleus senegalensis,1714146,SPECIES
oenacapensis,Oena capensis,2495342,SPECIES
oldenlandiacorymbosa,Oldenlandia corymbosa,,
onychognathusneumanni,Onychognathus neumanni,7341433,SPECIES
oplostomusfuligineus,Oplostomus fuligineus,1082819,SPECIES
ornithacriscavroisi,Ornithacris cavroisi,1707099,SPECIES
orthacanthacrishumilicrus,Orthacanthacris humilicrus,1702039,SPECIES
orycteropusafer,Orycteropus afer,5218416,SPECIES
oryzabarthii,Oryza barthii,2703457,SPECIES
oryzalongistaminata,Oryza longistaminata,2703462,SPECIES
oryza,Oryza,2703455,GENUS
oryzasativa,Oryza sativa,,
otussenegalensis,Otus senegalensis,5232311,SPECIES
ourebiaourebiquadriscopa,Ourebia ourebi quadriscopa,4262448,SUBSPECIES
oxybelus,Oxybelus,4298268,GENUS
oxytenantheraabyssinica,Oxytenanthera abyssinica,2703308,SPECIES
pachnodacordata,Pachnoda cordata,1081726,SPECIES
pachnodainterrupta,Pachnoda interrupta,1081732,SPECIES
pachnodamarginata,Pachnoda marginata,1081779,SPECIES
pachycondyla,Pachycondyla,1319685,GENUS
pancratiumtenuifolium,Pancratium tenuifolium,,
pancratiumtrianthum,Pancratium trianthum,2853265,SPECIES
pandiakaangustifolia,Pandiaka angustifolia,3675177,SPECIES
pandinusimperator,Pandinus imperator,6894611,SPECIES
panicumlaetum,Panicum laetum,4139170,SPECIES
panicumsubalbidum,Panicum subalbidum,4123081,SPECIES
pantheraleo,Panthera leo,5219404,SPECIES
pantherapardus,Panthera pardus,5219436,SPECIES
papioanubis,Papio anubis,5707341,SPECIES
parkiabiglobosa,Parkia biglobosa,,
parkinsoniaaculeata,Parkinsonia aculeata,5357217,SPECIES
paspalumscrobiculatum,Paspalum scrobiculatum,,
passergriseus,Passer griseus,5231193,SPECIES
passerluteus,Passer luteus,5231210,SPECIES
pelomedusasubrufa,Pelomedusa subrufa,10545407,SPECIES
pennisetumglaucum,Pennisetum glaucum,,
pennisetumpedicellatum,Pennisetum pedicellatum,,
pennisetumpolystachion,Pennisetum polystachion,,
pentanemaindicum,Pentanema indicum,,
pentatropisnivalis,Pentatropis nivalis,,
pergulariatomentosa,Pergularia tomentosa,7877996,SPECIES
peristrophepaniculata,Peristrophe paniculata,,
persicariadecipiens,Persicaria decipiens,4036197,SPECIES
phacochoerusafricanus,Phacochoerus africanus,2441212,SPECIES
phoeniculuspurpureus,Phoeniculus purpureus,2498452,SPECIES
phoenixdactylifera,Phoenix dactylifera,6109699,SPECIES
phragmitesaustralis,Phragmites australis,5290149,SPECIES
phragmiteskarka,Phragmites karka,5290154,SPECIES
phyllanthusmuellerianus,Phyllanthus muellerianus,5381223,SPECIES
phyllanthuspentandrus,Phyllanthus pentandrus,,
phyllanthusreticulatusreticulatus,Phyllanthus reticulatus reticulatus,7225978,VARIETY
phyllognathusburmeisteri,Phyllognathus burmeisteri,,
physalisangulata,Physalis angulata,,
physalislagascae,Physalis lagascae,5341775,SPECIES
physalis,Physalis,,
pimeliagrandis,Pimelia grandis,,
pinarocoryserythropygia,Pinarocorys erythropygia,2490607,SPECIES
piperguineense,Piper guineense,3086326,SPECIES
pistiastratiotes,Pistia stratiotes,2870583,SPECIES
plectropterusgambensis,Plectropterus gambensis,5232465,SPECIES
ploceuscucullatus,Ploceus cucullatus,2494058,SPECIES
ploceusluteolus,Ploceus luteolus,2494045,SPECIES
podaxispistillaris,Podaxis pistillaris,2535532,SPECIES
poekilocerusbufoniushieroglyphicus,Poekilocerus bufonius hieroglyphicus,6256899,SUBSPECIES
poicephalussenegalus,Poicephalus senegalus,2479964,SPECIES
polistes,Polistes,1310500,GENUS
polycarpaeacorymbosa,Polycarpaea corymbosa,3085781,SPECIES
polydoraserratuloides,Polydora serratuloides,,
polygalaarenaria,Polygala arenaria,7634472,SPECIES
polypterussenegalus,Polypterus senegalus,4287129,SPECIES
portulacafoliosa,Portulaca foliosa,4023429,SPECIES
portulacaoleracea,Portulaca oleracea,3084719,SPECIES
portulacaquadrifida,Portulaca quadrifida,3084699,SPECIES
pouteriaalnifolia,Pouteria alnifolia,2884263,SPECIES
procaviacapensisruficeps,Procavia capensis ruficeps,5219601,SUBSPECIES
prosopisafricana,Prosopis africana,5358514,SPECIES
prosopisjuliflora,Prosopis juliflora,5358460,SPECIES
protopterusannectens,Protopterus annectens,2441257,SPECIES
psammophiselegans,Psammophis elegans,5959464,SPECIES
psammophissibilans,Psammophis sibilans,,
pseudoprotaetiastolata,Pseudoprotaetia stolata,,
psidiumguajava,Psidium guajava,,
psittaculakrameri,Psittacula krameri,2479226,SPECIES
pterocarpuserinaceus,Pterocarpus erinaceus,,
pterocarpuslucens,Pterocarpus lucens,,
pteroclesexustus,Pterocles exustus,9522580,SPECIES
pteroclesquadricinctus,Pterocles quadricinctus,2480203,SPECIES
ptilopachuspetrosus,Ptilopachus petrosus,2474089,SPECIES
ptilopsisleucotis,Ptilopsis leucotis,5232239,SPECIES
ptilostomusafer,Ptilostomus afer,2482461,SPECIES
ptyodactylusragazzii,Ptyodactylus ragazzii,5221124,SPECIES
ptyonoprognefuligulapusilla,Ptyonoprogne fuligula pusilla,6086040,SUBSPECIES
pupalialappacea,Pupalia lappacea,7323604,SPECIES
pycnonotusbarbatus,Pycnonotus barbatus,2486147,SPECIES
pycreusmacrostachyos,Pycreus macrostachyos,,
pyrgomorphavignaudi,Pyrgomorpha vignaudi,7712476,SPECIES
pythonregius,Python regius,2465380,SPECIES
pythonsebae,Python sebae,2465346,SPECIES
queleaquelea,Quelea quelea,2493987,SPECIES
rhabdotissobrina,Rhabdotis sobrina,,
rhinopomamicrophyllum,Rhinopoma microphyllum,5218749,SPECIES
rhinopomastusaterrimus,Rhinopomastus aterrimus,2498432,SPECIES
rhinoptiluschalcopterus,Rhinoptilus chalcopterus,2480735,SPECIES
rhipicephalusturanicus,Rhipicephalus turanicus,2183564,SPECIES
rhynchosiaminimamemnonia,Rhynchosia minima memnonia,5350629,VARIETY
rhynchosiaminimaminima,Rhynchosia minima minima,8656238,FORM
rhynchosiaminima,Rhynchosia minima,,
ricinuscommunis,Ricinus communis,5380041,SPECIES
rogeriaadenophylla,Rogeria adenophylla,,
rottboelliacochinchinensis,Rottboellia cochinchinensis,2704075,SPECIES
rousettusaegyptiacus,Rousettus aegyptiacus,2432953,SPECIES
ruelliacyanea,Ruellia cyanea,5574820,SPECIES
sabasenegalensis,Saba senegalensis,3169621,SPECIES
saccharumofficinarum,Saccharum officinarum,2703912,SPECIES
salvadorapersica,Salvadora persica,5580727,SPECIES
sansevierialiberica,Sansevieria liberica,2770659,SPECIES
sansevieria,Sansevieria,2770498,GENUS
sarcocephaluslatifolius,Sarcocephalus latifolius,,
sarcophaga,Sarcophaga,1463100,GENUS
sarkidiornismelanotos,Sarkidiornis melanotos,2498001,SPECIES
schilbeintermedius,Schilbe intermedius,2341731,SPECIES
schistocercagregaria,Schistocerca gregaria,1707320,SPECIES
schizachyriumexile,Schizachyrium exile,4125020,SPECIES
schoenefeldiagracilis,Schoenefeldia gracilis,4122703,SPECIES
schoenoplectuscorymbosus,Schoenoplectus corymbosus,2711275,SPECIES
scintharistanotabilis,Scintharista notabilis,1713079,SPECIES
sclerocaryabirrea,Sclerocarya birrea,7160810,SPECIES
scolopendra,Scolopendra,2231802,GENUS
scopariadulcis,Scoparia dulcis,,
scopusumbretta,Scopus umbretta,5229154,SPECIES
securidacalongepedunculata,Securidaca longepedunculata,,
senegaliaataxacantha,Senegalia ataxacantha,7510932,SPECIES
senegalialaeta,Senegalia laeta,3796062,SPECIES
senegaliamacrostachya,Senegalia macrostachya,7936172,SPECIES
sennaitalicaitalica,Senna italica italica,7225446,SUBSPECIES
sennaobtusifolia,Senna obtusifolia,2957408,SPECIES
sennaoccidentalis,Senna occidentalis,2957966,SPECIES
serinusleucopygius,Serinus leucopygius,,
sesamumalatum,Sesamum alatum,3172623,SPECIES
sesamumindicum,Sesamum indicum,3172622,SPECIES
sesbaniadalzielii,Sesbania dalzielii,2970627,SPECIES
sesbaniasesban,Sesbania sesban,,
setariapumila,Setaria pumila,,
setariaverticillata,Setaria verticillata,5289686,SPECIES
sherifuriahaningtoni,Sherifuria haningtoni,1707104,SPECIES
sidaabutifolia,Sida abutifolia,5406718,SPECIES
sidacerradoensis,Sida cerradoensis,5619128,SPECIES
sidacordifolia,Sida cordifolia,,
sidarhombifolia,Sida rhombifolia,5406735,SPECIES
sidaspinosa,Sida spinosa,5406741,SPECIES
sidaurens,Sida urens,5406763,SPECIES
sinoxylonsenegalense,Sinoxylon senegalense,5879265,SPECIES
solanumaethiopicum,Solanum aethiopicum,2929847,SPECIES
solanumincanum,Solanum incanum,,
solanummelongena,Solanum melongena,2930617,SPECIES
solanummixedlibrary,Solanum mixed library,,
solanumtuberosum,Solanum tuberosum,,
sorghumarundinaceum,Sorghum arundinaceum,,
sorghumbicolor,Sorghum bicolor,,
spermacocechaetocephala,Spermacoce chaetocephala,2918396,SPECIES
spermacocefilifolia,Spermacoce filifolia,,
spermacoceruelliae,Spermacoce ruelliae,2918087,SPECIES
spermacoce,Spermacoce,2918053,GENUS
spermacocestachydeavarstachydea,Spermacoce stachydea var stachydea,,
sphaeranthusangustifolius,Sphaeranthus angustifolius,7592377,SPECIES
sphenocleazeylanica,Sphenoclea zeylanica,3158672,SPECIES
sphenopsdelislei,Sphenops delislei,,
sphingonotuscanariensisorientalis,Sphingonotus canariensis orientalis,6256570,SUBSPECIES
spiloptilaclamans,Spiloptila clamans,9780994,SPECIES
spodopteraexempta,Spodoptera exempta,5109925,SPECIES
spondiasmombin,Spondias mombin,,
sporobolusfestivus,Sporobolus festivus,4150265,SPECIES
sporobolusmicroprotus,Sporobolus microprotus,4148844,SPECIES
sporopipesfrontalis,Sporopipes frontalis,2494084,SPECIES
steraspis,Steraspis,1150039,GENUS
sterculiasetigera,Sterculia setigera,5406681,SPECIES
stereospermumkunthianum,Stereospermum kunthianum,4092124,SPECIES
sternocerainterrupta,Sternocera interrupta,9308427,SPECIES
streptopeliasenegalensis,Streptopelia senegalensis,2495659,SPECIES
streptopeliavinacea,Streptopelia vinacea,2495694,SPECIES
strigahermonthica,Striga hermonthica,3171159,SPECIES
strophanthussarmentosus,Strophanthus sarmentosus,3169613,SPECIES
struthiocamelus,Struthio camelus,2495150,SPECIES
stylochaetonlancifolius,Stylochaeton lancifolius,,
susscrofa,Sus scrofa,7705930,SPECIES
sylviacantillans,Sylvia cantillans,2492950,SPECIES
sylvicapragrimmia,Sylvicapra grimmia,2441187,SPECIES
synceruscaffer,Syncerus caffer,2441034,SPECIES
synodontisschall,Synodontis schall,2344327,SPECIES
taccaleontopetaloides,Tacca leontopetaloides,2755866,SPECIES
tachymarptisaequatorialis,Tachymarptis aequatorialis,2477349,SPECIES
tamarindusindica,Tamarindus indica,2975768,SPECIES
taphozousmauritianus,Taphozous mauritianus,5218741,SPECIES
tapinanthusbangwensis,Tapinanthus bangwensis,4004487,SPECIES
tapinanthus,Tapinanthus,,
tarentolaannularis,Tarentola annularis,,
tarentolaephippiata,Tarentola ephippiata,,
telescopusobtusus,Telescopus obtusus,2457445,SPECIES
tephrosiabracteolatabracteolata,Tephrosia bracteolata bracteolata,7224769,VARIETY
tephrosialinearis,Tephrosia linearis,5342046,SPECIES
tephrosiamossiensis,Tephrosia mossiensis,5342156,SPECIES
tephrosiaplatycarpa,Tephrosia platycarpa,5342137,SPECIES
tephrosiapurpurealeptostachya,Tephrosia purpurea leptostachya,5342494,SUBSPECIES
tephrosiauniflora,Tephrosia uniflora,8031700,SPECIES
terathopiusecaudatus,Terathopius ecaudatus,2480377,SPECIES
terminaliaavicennioides,Terminalia avicennioides,3699456,SPECIES
terminaliamacroptera,Terminalia macroptera,8232633,SPECIES
tessaratoma,Tessaratoma,4783425,GENUS
tetraodonlineatus,Tetraodon lineatus,5213591,SPECIES
thamnolaeacinnamomeiventris,Thamnolaea cinnamomeiventris,2492397,SPECIES
tinosporabakis,Tinospora bakis,3830860,SPECIES
tockuserythrorhynchus,Tockus erythrorhynchus,2475965,SPECIES
tockusnasutus,Tockus nasutus,2475959,SPECIES
tockussp,Tockus sp.,,
torgostracheliotus,Torgos tracheliotus,2480362,SPECIES
trachydermahispida,Trachyderma hispida,9236809,SPECIES
trachylepisperrotetii,Trachylepis perrotetii,5225355,SPECIES
trachylepisquinquetaeniata,Trachylepis quinquetaeniata,5225411,SPECIES
tragelaphusscriptusscriptus,Tragelaphus scriptus scriptus,7261402,SUBSPECIES
tremaorientalis,Trema orientalis,7141659,SPECIES
treronwaalia,Treron waalia,2495756,SPECIES
tribulusterrestris,Tribulus terrestris,5421116,SPECIES
trichodesmaafricanum,Trichodesma africanum,,
tricliceraspilosum,Tricliceras pilosum,,
tripogonminimus,Tripogon minimus,4116133,SPECIES
triticumaestivum,Triticum aestivum,7795888,SPECIES
triumfettapentandra,Triumfetta pentandra,7917001,SPECIES
tropiocolotestripolitanus,Tropiocolotes tripolitanus,,
turturabyssinicus,Turtur abyssinicus,5231791,SPECIES
tytoalba,Tyto alba,2497921,SPECIES
upupaepops,Upupa epops,2498415,SPECIES
uraeginthusbengalus,Uraeginthus bengalus,2493723,SPECIES
urocoliusmacrourus,Urocolius macrourus,2482321,SPECIES
uromastyxgeyri,Uromastyx geyri,2466112,SPECIES
uvariachamae,Uvaria chamae,3154319,SPECIES
vachelliaamythethophylla,Vachellia amythethophylla,7923036,SPECIES
vachellianilotica,Vachellia nilotica,3974744,SPECIES
vachelliasieberiana,Vachellia sieberiana,7564113,SPECIES
vahliaoldenlandioides,Vahlia oldenlandioides,,
vanellustectus,Vanellus tectus,5229143,SPECIES
varanusgriseus,Varanus griseus,,
varanusniloticus,Varanus niloticus,,
veprisheterophylla,Vepris heterophylla,3834432,SPECIES
vernoniagalamensis,Vernonia galamensis,5397194,SPECIES
viduachalybeata,Vidua chalybeata,2484613,SPECIES
viduamacroura,Vidua macroura,2484628,SPECIES
viduaorientalis,Vidua orientalis,2484620,SPECIES
vignaheterophylla,Vigna heterophylla,2982485,SPECIES
vignaracemosa,Vigna racemosa,,
vignasubterranea,Vigna subterranea,2982714,SPECIES
vignaunguiculata,Vigna unguiculata,,
vigna,Vigna,2982372,GENUS
vitellariaparadoxaparadoxa,Vitellaria paradoxa paradoxa,7065379,SUBSPECIES
vitexdoniana,Vitex doniana,,
vitexmadiensissubspmadiensisoliv,Vitex madiensis subsp. madiensis Oliv.,7784860,SUBSPECIES
vulpespallida,Vulpes pallida,5219237,SPECIES
waltheriaindica,Waltheria indica,5406665,SPECIES
xeruserythropus,Xerus erythropus,8950740,SPECIES
ximeniaamericana,Ximenia americana,2889811,SPECIES
xylopiaaethiopica,Xylopia aethiopica,3157151,SPECIES
xysmalobiumheudelotianum,Xysmalobium heudelotianum,3572171,SPECIES
zacompsafesta,Zacompsa festa,1704334,SPECIES
zaleyapentandra,Zaleya pentandra,7329156,SPECIES
zeamays,Zea mays,5290052,SPECIES
zingiberofficinale,Zingiber officinale,2757280,SPECIES
ziziphusabyssinica,Ziziphus abyssinica,8901234,SPECIES
ziziphusmauritiana,Ziziphus mauritiana,3039424,SPECIES
ziziphusmucronata,Ziziphus mucronata,3875567,SPECIES
zonitoschemagigantea,Zonitoschema gigantea,6952978,SPECIES
zorniaglochidiata,Zornia glochidiata,5355339,SPECIES
